{
    "keep": {
        "days": true,
        "amount": 14
    },
    "auditLog": "F:\\Abhi Project\\DSY\\weddingwire\\old\\Server\\logs\\.1ff32bc960db46dbd5ed6d400a0a2c6e55d1b360-audit.json",
    "files": [
        {
            "date": 1752905482359,
            "name": "F:\\Abhi Project\\DSY\\weddingwire\\old\\Server\\logs\\combined-2025-07-19.log",
            "hash": "0f2f3eed2450e5b2b3d35bedc74e5af16f2a1935407f277f3f78f1bc088423ae"
        },
        {
            "date": 1753016207907,
            "name": "F:\\Abhi Project\\DSY\\weddingwire\\old\\Server\\logs\\combined-2025-07-20.log",
            "hash": "bc5f61ae6d24053cddd5f89bd83d4ffb4feac9ac3e00678507ea05b0164b74b5"
        },
        {
            "date": 1753070690330,
            "name": "F:\\Abhi Project\\DSY\\weddingwire\\old\\Server\\logs\\combined-2025-07-21.log",
            "hash": "1a8d48de12771de2a0f1962d964f87bd12549be064221917c8866249480dfa57"
        },
        {
            "date": 1753158047866,
            "name": "F:\\Abhi Project\\DSY\\weddingwire\\old\\Server\\logs\\combined-2025-07-22.log",
            "hash": "dc1a21b7d8114ae7aa0c22645c2760614a9e3e1537fd0eacaeba8d04c45f3eda"
        },
        {
            "date": 1753248151989,
            "name": "F:\\Abhi Project\\DSY\\weddingwire\\old\\Server\\logs\\combined-2025-07-23.log",
            "hash": "e3041705066b35096a6382684edcc0213ed2592aa645061bb814894a5f8f97bf"
        },
        {
            "date": 1753420594460,
            "name": "F:\\Abhi Project\\DSY\\weddingwire\\old\\Server\\logs\\combined-2025-07-25.log",
            "hash": "596f288e2d7e0bfd8e8f48c5bb5f358f580a67b8664938ec90a862fc966eaa16"
        },
        {
            "date": 1753506715941,
            "name": "F:\\Abhi Project\\DSY\\weddingwire\\old\\Server\\logs\\combined-2025-07-26.log",
            "hash": "fe624478d6c1c215ae0c06ac75be732aa836ca5690283bdb64981950eabd1008"
        },
        {
            "date": 1753763559720,
            "name": "F:\\Abhi Project\\DSY\\weddingwire\\old\\Server\\logs\\combined-2025-07-29.log",
            "hash": "7478f4e323569a468dc45dd7e6e34659cd95b708367dd64e8c215ace7cc684fa"
        },
        {
            "date": 1753854199857,
            "name": "F:\\Abhi Project\\DSY\\weddingwire\\old\\Server\\logs\\combined-2025-07-30.log",
            "hash": "4014c29cf6bfe2f207202e922a2b8ba52ba24662d6e2ec0fd4e64b88d9fae653"
        },
        {
            "date": 1753940405925,
            "name": "F:\\Abhi Project\\DSY\\weddingwire\\old\\Server\\logs\\combined-2025-07-31.log",
            "hash": "7d28b11df40d4cc31be4514c87739f2e992f5cc25efee0212c4f4b9bfff67a75"
        },
        {
            "date": 1754022761112,
            "name": "F:\\Abhi Project\\DSY\\weddingwire\\old\\Server\\logs\\combined-2025-08-01.log",
            "hash": "7973151b8c3e05e89bf64bd7109097e9a4fbb0a480d0c169bc78da013767d680"
        },
        {
            "date": 1754111122064,
            "name": "F:\\Abhi Project\\DSY\\weddingwire\\old\\Server\\logs\\combined-2025-08-02.log",
            "hash": "4cb50c17a0518728ca7fa393406fbb283fa72f8bca6c31b5891956b79a202449"
        }
    ],
    "hashType": "sha256"
}