{
    "keep": {
        "days": true,
        "amount": 14
    },
    "auditLog": "F:\\Abhi Project\\DSY\\weddingwire\\old\\Server\\logs\\.3badc62bf7611665e465f3ffc9245e5c4fa369f3-audit.json",
    "files": [
        {
            "date": 1752905482354,
            "name": "F:\\Abhi Project\\DSY\\weddingwire\\old\\Server\\logs\\error-2025-07-19.log",
            "hash": "1d6c139f73f8f3622431d6eb263981c4f03a729f79ce3892fb5e052d733933df"
        },
        {
            "date": 1753029288838,
            "name": "F:\\Abhi Project\\DSY\\weddingwire\\old\\Server\\logs\\error-2025-07-20.log",
            "hash": "88c315ccffaddcf9b7630cf9625aa18dea50779928f7de2212e8edd6e8ae90e8"
        },
        {
            "date": 1753070690328,
            "name": "F:\\Abhi Project\\DSY\\weddingwire\\old\\Server\\logs\\error-2025-07-21.log",
            "hash": "0b64f1ccda82c42fb33978daa0e35b93829b389a6e578551de07cb278bc0dce9"
        },
        {
            "date": 1753158047862,
            "name": "F:\\Abhi Project\\DSY\\weddingwire\\old\\Server\\logs\\error-2025-07-22.log",
            "hash": "be3ec0895c23fb2d0471489ca8d232ab3f0a2d79142fede0c55a57d8736fd477"
        },
        {
            "date": 1753248151986,
            "name": "F:\\Abhi Project\\DSY\\weddingwire\\old\\Server\\logs\\error-2025-07-23.log",
            "hash": "5a5bc5ad6a28cc69d81fc94f7d90e34ff6c843ae6463389aa88a5ed9ab678224"
        },
        {
            "date": 1753420594454,
            "name": "F:\\Abhi Project\\DSY\\weddingwire\\old\\Server\\logs\\error-2025-07-25.log",
            "hash": "1a943f16dea659252551397c3d86edf660354192f63f2a2f6558a092e4f9d5cc"
        },
        {
            "date": 1753506715936,
            "name": "F:\\Abhi Project\\DSY\\weddingwire\\old\\Server\\logs\\error-2025-07-26.log",
            "hash": "1dfb5ecda1cb34d1cc9de248895bb4ba176246e07f9572aeb1b4157eaa7b2ae7"
        },
        {
            "date": 1753763559717,
            "name": "F:\\Abhi Project\\DSY\\weddingwire\\old\\Server\\logs\\error-2025-07-29.log",
            "hash": "0455d50dd597941744a4997edc9fb596e263e6f5c65238fd98708626c79da916"
        },
        {
            "date": 1753854199853,
            "name": "F:\\Abhi Project\\DSY\\weddingwire\\old\\Server\\logs\\error-2025-07-30.log",
            "hash": "9bf88f052d641324809b342e9042f3162381eb397725be81148527e78732cb20"
        },
        {
            "date": 1753940405923,
            "name": "F:\\Abhi Project\\DSY\\weddingwire\\old\\Server\\logs\\error-2025-07-31.log",
            "hash": "40d61056c02165addbc0fb44b4db09dfb55cfcff20c8dbd3c24f27612f388c5b"
        },
        {
            "date": 1754022761110,
            "name": "F:\\Abhi Project\\DSY\\weddingwire\\old\\Server\\logs\\error-2025-08-01.log",
            "hash": "6cdd4cd28da7c4adae21c1226aa1f633d901922c276b3097e6486d5c2c7e4a9d"
        },
        {
            "date": 1754111122062,
            "name": "F:\\Abhi Project\\DSY\\weddingwire\\old\\Server\\logs\\error-2025-08-02.log",
            "hash": "8ed6f689dc35af690c4da548affe9c7bab97cea131ffe7e53da0fb31fc04b106"
        }
    ],
    "hashType": "sha256"
}