{
    "keep": {
        "days": true,
        "amount": 14
    },
    "auditLog": "F:\\Abhi Project\\DSY\\weddingwire\\new\\server\\logs\\.5a0a81ed89e9957be03b045fb26e2246b76a0811-audit.json",
    "files": [
        {
            "date": 1751308366550,
            "name": "F:\\Abhi Project\\DSY\\weddingwire\\new\\server\\logs\\error-2025-07-01.log",
            "hash": "c1b14d9a1d0b5f8f77107143748557a45440f30e0e68885bb774c244b42349ba"
        },
        {
            "date": 1751430962628,
            "name": "F:\\Abhi Project\\DSY\\weddingwire\\new\\server\\logs\\error-2025-07-02.log",
            "hash": "fc16ba3672d7ebeadb3f3bff3fe3d9cf9bdddc853d5adc7c014656b98b82a4a6"
        }
    ],
    "hashType": "sha256"
}