{
    "keep": {
        "days": true,
        "amount": 14
    },
    "auditLog": "C:\\Users\\navneet\\Desktop\\mybestvenue\\server\\logs\\.db8bdb4e08bb82ae78b29a6b7076d34379959571-audit.json",
    "files": [
        {
            "date": 1751474108346,
            "name": "C:\\Users\\navneet\\Desktop\\mybestvenue\\server\\logs\\error-2025-07-02.log",
            "hash": "309d0194724d1d606b5ab1a3aa9f4ef0c24570cf3bad41d0ae9f7170d8f5fd2f"
        },
        {
            "date": 1751517344931,
            "name": "C:\\Users\\navneet\\Desktop\\mybestvenue\\server\\logs\\error-2025-07-03.log",
            "hash": "d605d7121c1e91999e439f900428db6406809bb2514e1749cd9b93af2e98d3e6"
        },
        {
            "date": 1751605133139,
            "name": "C:\\Users\\navneet\\Desktop\\mybestvenue\\server\\logs\\error-2025-07-04.log",
            "hash": "d35e7af3d4b7f6405e783fd33df3c2cda41e7241dd8a71da791424beb371479a"
        }
    ],
    "hashType": "sha256"
}